{"Q": [[false, false, false, true, false, true, true, false],  [false, false, false, true, false, false, true, false],  [false, false, false, true, false, false, true, false],  [false, true, true, false, true, false, true, false],  [false, true, false, true, false, false, true, true],  [false, false, false, false, false, false, true, false],  [true, true, false, false, false, false, true, false],  [false, false, false, false, false, false, true, false],  [false, true, false, false, false, false, false, false],  [false, true, false, false, true, false, true, true],  [false, true, false, false, true, false, true, false],  [false, false, false, false, false, false, true, true],  [false, true, false, true, true, false, true, false],  [false, true, false, false, false, false, true, false],  [true, false, false, false, false, false, true, false],  [false, true, false, false, false, false, true, false],  [false, true, false, false, true, false, true, false],  [false, true, false, false, true, true, true, false],  [true, true, true, false, true, false, true, false],  [false, true, true, false, true, false, true, false]], "prior": [], "p_states": [], "slip": [0.08946052, 0.04147141, 0.13408707, 0.10991876, 0.17230903, 0.04372639, 0.19661928, 0.18196447, 0.24741055, 0.21351503, 0.08178137, 0.04062558, 0.33467872, 0.06106003, 0.10537090, 0.11124951, 0.13796801, 0.13797750, 0.24050069, 0.15720784], "guess": [2.979505e-02, 1.601667e-02, 2.772346e-11, 2.235015e-01, 3.007612e-01, 8.970582e-02, 2.482125e-02, 4.429577e-01, 2.605348e-01, 2.872189e-02, 6.562704e-02, 1.268996e-01, 1.294480e-02, 5.955208e-02, 3.120044e-02, 1.069398e-01, 3.849446e-02, 1.193560e-01, 2.237506e-02, 1.254802e-02], "error": 0.6540520808117953}